id_def_dato_custom,nombre,tipo
4a5YVLLaOZ,eos rem quaerat,Double
mdiiRE4KIc,quia quas corporis,Double
GpvE4QpO7O,hic deleniti dolorum,String
jwseaKJERW,accusantium voluptatum facilis,Double
8zWPY78r1F,asperiores consectetur autem,Double
cbBx8SUGx3,rerum enim porro,Int
uLB8Zz2V1B,voluptates nam maiores,Double
zqjxJUiEDA,fugit non quidem,Int
JS60pJzEeW,voluptatem explicabo est,String
NQaoJZaUr5,natus delectus numquam,String
fp4wo2Qpaq,temporibus sit quo,String
UhP1pZXsOq,sed voluptas quasi,Int
Oaec4knDyw,magnam qui inventore,String
oozQjsVc3R,odio soluta voluptatem,Int
J67sibmpUh,nemo tempore quam,Int
1Jd8eZzqJa,architecto odit excepturi,Int
QShYB4xke8,quia id qui,String
IfF4suZwDZ,sed officia sequi,Int
827mZCSEBm,qui sunt qui,Double
D3rKwSQrwd,expedita harum deserunt,Int
5WcnkxViXd,earum quasi quia,String
pOX3RMYzKF,animi porro id,String
xQYhN6YQ2z,voluptatem odit rerum,String
aVGGIPZ05z,hic sit facere,Int
6assOKcSro,fugiat est ut,Int
8l6YWS6Gvp,est qui blanditiis,String
v4AZSwBI86,et nihil quia,Int
7j0xMAWEuL,qui accusamus culpa,String
fkF56Gk6CQ,consequuntur porro reiciendis,String
TIEQln7nmR,enim sint quas,Int
G6LddoH7rX,sed porro et,Int
J5Indn1hYI,illum sit qui,String
qXAeA5d1rh,vitae ipsum neque,String
gTjLao2cL0,optio praesentium nihil,Int
DiCiXFa9fV,est quia ducimus,Double
tlggl1HlLa,qui sunt ut,String
8P3vxmVCWM,quia tempora et,Int
jW7HbrmQfK,molestiae inventore placeat,String
VSgpG8DqYn,unde inventore architecto,String
Qn3DnRmaAE,expedita assumenda iure,String
E5tBoGa7uZ,voluptas iste earum,Int
4l2eas24Jg,dolorem nostrum et,Int
9rcSjyRtld,quaerat unde magni,Int
WHGEpMz9QX,inventore nulla ipsam,Double
ZPGJVMLwu1,dolor voluptatem ut,Int
SvVpybhDCK,eveniet dolores laudantium,Double
QwteyK9rno,incidunt deleniti dolorem,String
D9alB0CEtl,ad fugiat dolor,String
mvZWH7B5yg,iure exercitationem excepturi,String
j8elyArNOa,et facilis non,Int
SI2XWr3gyC,ut et nulla,String
nihT6TpH4x,corporis expedita fugit,Double
hd6Ciiyxad,quia sint eligendi,Double
8fG5ZRwFF6,ad vel sed,String
oKyxNpJV29,sed doloribus deleniti,Int
m6rW50BwbU,maxime quam rerum,Int
YI7sjwjzTz,explicabo nemo tempore,String
AVNIYFd6gW,est sequi aspernatur,Int
p6NV03Ep1d,explicabo eum dolorum,String
7foKQunYQw,aut fugiat ipsum,Int
AtZRpfat6z,temporibus saepe expedita,Double
lSn56O4Y46,voluptatum perferendis ut,String
GlR5hKq40d,earum sed aut,Int
1o4ipZWdU7,pariatur autem similique,String
NhLUwJoiz0,beatae saepe veritatis,Double
DQITGgVE7x,doloribus rerum ea,Int
vmlzQV7T3J,adipisci alias est,Int
dAwpQL9Npk,id ducimus aliquam,Double
3RG750vc5J,nostrum ut fugit,Double
NMruWmevW9,tempora ut inventore,Int
S9QayAa0aT,consequatur libero saepe,Double
9zhVhy1nbS,illum non aut,Int
ZnS4v9uDSV,est hic numquam,String
jkLDnfY2Ji,occaecati impedit dicta,Double
WNp2lCikTf,voluptatum maxime excepturi,String
slVAuF4MaJ,dolor aliquid neque,Int
nbRMSrf0Et,aut dolorem reprehenderit,Double
SiXjgjzp7l,quo quis modi,String
3Mj5kh0BU9,et omnis itaque,Int
EQlkDEC3mg,assumenda perferendis dolores,Int
ITYa4uIq0e,nam blanditiis praesentium,Double
Uxhqz9QVuW,doloremque sequi quia,Int
h0vVbNnnya,id sit repellat,String
NN2HzqwJ5B,praesentium at omnis,Double
nrhP0lDeDM,architecto in ea,String
8kbaoNyqVj,optio quis consequatur,Int
i0ZVHUZPWC,ut corporis quia,String
lTxrdzu9LM,quos quia vel,Int
dzvlxtFMvd,consectetur aut id,String
rRqO7pou61,animi hic velit,String
RAImBmk2QI,ut distinctio et,Int
Q2gPY9Q7eM,labore quaerat nihil,Double
QrFDhHC73m,tenetur assumenda ratione,String
VbSAyX9kYK,dolorem minima ut,Int
Vi35K7fMwM,minus dolorum enim,Int
mqNPMJvOzO,dolore minima blanditiis,String
qMR8i5XFgb,enim mollitia voluptatem,String
HQVl3TTq4d,aspernatur voluptatem rerum,Int
HIyGxZFW1g,doloribus ipsa libero,String
j069DaDNSr,voluptatem molestias qui,Double
6VJBG6Ib04,esse et in,String
8NlAp216ar,dolorem tempore nesciunt,Double
8gykZtksAV,ullam eligendi tenetur,Int
pfc6AMQ2tZ,dolorem est vitae,Double
jZKp9aLnub,ullam animi assumenda,Double
CheVdndomG,nostrum et ipsum,String
6Xx5pR84zy,asperiores eum culpa,Double
QE3gYeJOCe,ipsum sit doloremque,Int
mbIOHx7bvm,repellat itaque sint,Int
oE02vWCGhE,blanditiis iure omnis,Int
UtIY2kzfst,officia est eius,Double
uGJR4AWj67,eos totam saepe,Double
Ylta416HhL,nobis nulla rerum,Double
CFl9KbPmcd,sit molestiae cum,Int
MJurXBZzLD,deleniti sit non,String
gzE2aWpWMk,nulla tempore fugiat,String
MeVTlyyPiq,nihil iure dolorem,String
ZSYLDB7DXT,sed tempora eum,String
bg2g8AlZVR,iste eum voluptas,Int
hBKZh4meki,deserunt aspernatur magni,Int
bqA95jI7yT,et animi corporis,Int
dkKo2MHmF1,facilis dicta minus,Double
fnq2BIuaQK,aut autem commodi,String
QBdp1OE3ZP,doloremque reprehenderit consectetur,Int
NqZXJLQbYw,omnis totam vitae,Int
lMmSJNIHuh,recusandae sunt totam,String
30cYUffW8E,debitis excepturi autem,Double
1ZLhc0xsXe,dolores fugiat optio,String
kBhsKgdxNu,natus velit ducimus,Int
x5QYI5z35k,molestiae sunt assumenda,Double
iodsw8YpYY,quae voluptas cupiditate,Int
r9IGvqhcZY,voluptatum qui recusandae,Int
H3uaZMtvLu,totam est maiores,Double
OYEVf3cTyd,consectetur sit dolores,String
hggBQKK1Kl,accusamus aliquid in,Double
3W5L2rZ02H,ab non necessitatibus,String
IcjnOpm81Q,et tenetur soluta,String
QYcdWxZIi2,amet dolor at,Double
4870gs6epi,minima laudantium qui,String
WuFjqfwCrA,voluptas ad et,Int
P8ai42zaiq,qui laboriosam omnis,Double
BpjpmfmbRA,iusto eaque perferendis,String
yg9D3nyXYy,maxime dolor nobis,Int
b6lmbbImfc,libero deleniti laudantium,Int
LBASKJ6tWK,reprehenderit aut sunt,Double
Rl5xpTNCEk,rerum autem quaerat,Double
APvqLwMff1,velit et earum,Double
qTIAGcuJ99,delectus voluptas perferendis,String
UVuXVPu1zx,sed voluptatibus voluptates,Int
kML5vchRUZ,quibusdam et quos,String
EZaxcEHGZQ,accusamus consequuntur et,String
7a6f40K7dK,vero corporis autem,Double
9IE5SkSvFG,sequi et libero,Int
oF8kONgdhF,cum non consectetur,String
FN34qV9tbo,nemo dolores ut,Double
iufORxvV6m,dicta ab voluptas,String
Qmult09z0K,occaecati et totam,Double
WcxOxdRIJe,doloremque maxime qui,String
lLXNu3bTu9,et et consequuntur,Int
xLSwhxgjLo,minima et consequatur,Int
eS5gHn3kFg,cupiditate maxime reiciendis,Double
xbCRe0Zt81,iste est et,Double
FzTmYJVxSB,dolores nesciunt aperiam,String
4MZYJysgUB,nesciunt hic assumenda,Double
UP4sRNHy5n,qui ipsa quasi,String
hLKEclXQAr,et vel suscipit,String
evk7XgslCn,dolores et sit,Int
Q3fq5VjF58,non fuga provident,String
dEwUrN1VSn,pariatur et reiciendis,Int
7Cpp44DdjX,tenetur ducimus ipsum,Int
9juduqIThu,non fuga voluptatem,Int
7QfOiwxCMd,qui minus fugiat,String
KtIrdWZ10f,sed amet necessitatibus,Int
kiVHlq96yb,minus aut et,Int
3xm14k7r6f,pariatur nobis non,Double
khcKMoFwDi,quo voluptas non,Int
NgQna6GVhX,ut aut doloremque,String
apwmU7ZY6w,dolorem et libero,Int
Ih3tgSyNU4,molestias non fugiat,Int
NYkea7mkV3,autem est et,Double
SjZGWv5SJ3,beatae illo magnam,Double
KJOiqHrDmG,tenetur ut fuga,String
riLwOaRAv2,reprehenderit illum commodi,Double
1s2DgntFGT,consequatur amet et,Double
eIFaOe4ZR9,exercitationem voluptates quos,String
K4yMdMQYiH,eos non qui,Int
7P2Ryk0yfc,hic enim fugiat,String
qMREtrjqj1,iure aspernatur animi,Double
mao7yIyhyr,est praesentium et,Double
n7lnQX60tk,consequuntur est molestias,Double
U6BBLRAQXx,aspernatur quia et,String
riM8NI4lJd,saepe dolorum quaerat,Int
JPB536ZFoS,velit quis aut,Int
EShm67flfN,aut id velit,String
gngvHolCdd,in atque labore,String
i7pqukWKpV,quasi ut commodi,String
8dOGGjWHYV,molestiae rerum consequatur,Int
g58iREgAOk,quia reiciendis placeat,Double
qyaRKQtuOW,sit facere voluptatem,Double
fFsIaRxCfT,quia aut modi,Double
7Slj0Eryvw,et rerum est,Int
YUH1n4L1FZ,laborum consequuntur reiciendis,Double
ZRjIMSTVJM,recusandae hic nisi,String
qQ2xUIJ4zf,ad et perferendis,String
Q8BDKEwqBZ,porro tempore animi,Double
rDXBbh6tL2,velit blanditiis et,Int
ba4yvh5W09,animi voluptates incidunt,Double
Xzp8xMp75r,esse ut aut,String
AOE8R7bQak,non dolorem quas,Int
a9xfkPvOSE,aut architecto illum,Double
GKtgDTNF6t,a consequuntur ab,Double
vTHZwDrZIU,expedita et expedita,Double
Fu98TjZTPo,iure sed et,Int
EbZb5Hndz9,consequatur accusantium est,Int
8Kh8VGXtB6,aut nostrum suscipit,String
tdML5IISqM,dignissimos laborum quasi,String
KHH5MUGxy0,fugit ab reprehenderit,String
fap3iReGVI,sequi nihil adipisci,Double
y3xi7aeFN1,dolorem hic repellat,Double
m1Ck5GPfLr,sit rerum ex,String
DfIR0pn1vy,sint deserunt qui,Int
kDDXsyKWsr,voluptates debitis vel,Double
6EnvwKnE2T,eveniet harum ex,Double
WkY5DBDiPu,officiis atque corporis,Double
OVeKFwGHOC,ea laudantium nulla,Double
I4EW78rJRY,similique in nemo,Int
p1Qof2AW3z,sequi veritatis unde,Int
c2HQf3FejH,aut quia sequi,Int
35JpLRbn1c,voluptatibus deleniti est,Int
VyEM2GgKSH,nihil dolor ea,Double
EXTJ6EmAXZ,asperiores voluptatem laudantium,String
w3yzGun79J,quisquam officia pariatur,String
epQegyOj05,qui expedita reiciendis,Int
H4yvPKNkDW,ut consequatur officiis,String
oKabsuMmA4,qui qui est,Int
s0Sl0E179R,illum dicta rerum,Int
rIXUSmxUOC,delectus odio esse,Double
wdDJYZS57m,nostrum voluptatem voluptatibus,Int
TypwRtFLEL,deleniti occaecati distinctio,Int
XEfBFu7Gzv,corrupti cupiditate nulla,Int
BzKxoRbCp2,non aperiam velit,String
vmQwh4VpMT,animi et rerum,Double
1DYwC4Ldcz,perferendis similique aliquid,Int
0o2oPaYH0X,aut corporis ab,String
O2zuj66JkV,et ex vitae,Double
OfiYGE3dy7,ex deserunt aut,String
XfGneaVxPb,est et et,String
BF3ji9sUqD,inventore ipsa maxime,Double
ULdQQl6jpQ,temporibus aut voluptas,Int
2ex7V4ryBS,laboriosam cumque facere,Int
HA6cVzoVS9,voluptatem nesciunt iure,Double
8Gm7XQJk5Q,esse ea libero,Double
NxvIlIcSNd,repellendus saepe cum,Double
SPt5EsZNs3,qui dolor soluta,Int
7m5UytN2hW,tempore inventore cum,Double
cds6eRE2IV,illo saepe numquam,Int
jLA3GvgQRX,ipsam animi alias,String
AuM8JvQ4X0,sit corporis nihil,String
cvT7VTCwNA,rerum sunt dolorum,Int
32hNVf1lOT,nulla in iure,Double
y0XAmMG4Fo,iusto sunt et,Double
jReH2SgJGk,laborum cumque aut,Int
RDMfsFvj8S,soluta tempore qui,String
DgjKp8NaQg,perspiciatis reprehenderit non,Int
QyMnGnu3TM,non mollitia magni,Int
XjytpIUF0t,nesciunt quis dicta,Double
TBAhTXCyaB,veniam et aliquid,String
Qr7Fr5xdHU,non animi ea,String
FRIxAIXaoc,tempore quos fuga,Double
rElEovh7Xc,aut id impedit,Int
PyxvrLh3bo,expedita omnis assumenda,Double
NkB6k3UAOZ,repudiandae itaque aut,Int
EvJ6q1dP1b,quae itaque veniam,Int
ulgg7Oh3tv,provident ipsam in,String
hsoDE6p2bm,officia occaecati iste,Double
Rw6mr3C5xc,repellendus quasi laudantium,Double
R84TJOEJ9b,quos at culpa,Int
AQh9GM7Een,quam vitae eos,String
OGcEL6ZMng,magnam quas nobis,String
DXdr0vCoI1,natus quis maxime,Int
IL3308x9p2,in nesciunt molestiae,String
YBysb85na6,blanditiis ab omnis,Int
mM3o8a6Ekr,dolorem adipisci voluptatibus,String
kJviphvZit,mollitia sequi sequi,Double
zPvvyGshYA,delectus et numquam,Double
lOBkKANZCi,nobis aut ipsam,Double
3pdzjkRt7R,deserunt ab omnis,String
2sv7AoG0Tr,sit officiis dolore,Double
QSids58SVZ,nostrum fugit eveniet,String
4bNLrzytCO,labore adipisci officiis,Double
o5ex4GtM8f,numquam eum consequuntur,Int
WmamqgLqEE,officia et quis,Int
NfbdnXjSrz,illo neque ullam,Double
hILchRGUKA,quibusdam sit voluptatum,Int
KP5SZXYKxU,neque quibusdam est,String
C8lsbrpDMe,provident est odio,Double
XZy15H5pgj,provident quam est,Double
l4QptEYiZr,qui debitis dolorum,Double
OHPDTtgM2N,est similique sint,Int
g2hrFTn9uh,itaque repellat eligendi,String
1Sxd1JiWpp,adipisci aut fuga,Int
4bZiq5WYK6,quia porro eaque,Int
Wjg72CUxGF,reiciendis quis voluptates,Double
9pd5oY41E6,quibusdam qui eaque,Int
tizLZt0rgV,in sequi non,String
OzLPG4wpTy,placeat et numquam,Double
Yi2WtaprvJ,voluptas itaque et,Int
7ZdX15DVRH,placeat labore molestiae,Double
Aa93VSLG4o,qui voluptatem unde,String
ODLzPuPURZ,suscipit laborum possimus,Double
rZavG04gaB,aperiam rerum quia,String
qrz5bWm5pF,minus tenetur laudantium,String
jQpYsSWZPM,et ad molestias,Double
goykqKF3mv,praesentium officiis et,String
f80CfnxrQV,deleniti architecto qui,Double
BCyJZhN3FK,error earum quam,String
zvB7CygzXY,dolorum aspernatur delectus,Double
ofJInTmhVZ,occaecati sunt rerum,Int
4UDfPMjYBo,praesentium sunt et,Int
CqX4q3bG68,impedit similique vel,String
LPEgEeFYJr,aliquam quis est,Double
Ho33KPfV3J,et optio dolores,Int
vzdnbsrHsU,et qui itaque,String
B4iOuK4iJ5,distinctio adipisci qui,Int
ksetu3RnGE,nemo assumenda magni,Int
WlYJJkSefY,blanditiis quia aut,String
7DMyd21k4N,et doloremque dicta,String
QGzL8EBdO3,sint nemo et,Int
5MsOaIL5qd,tempora sint totam,String
TyZMTd1KLS,ut molestiae aperiam,String
nYajPG9c15,est sunt fugit,Double
MoA8Y8Tti8,illo omnis ea,Int
FrSLgDoDlK,in et ullam,Int
vLzvobBP0Z,consequatur qui occaecati,Double
6Hst9eajGp,accusantium nesciunt consectetur,Int
29qzRHejrP,quibusdam a quisquam,Double
XPUIRBlAQJ,dolore est molestiae,String
7LxegaSy79,sunt quas maiores,Int
u9d5jVIxa5,et atque eum,Double
uLBwY26zLP,modi voluptas sint,Double
Efgm2Zztz0,quo nam pariatur,Int
hAfhkh6lt6,doloremque nihil maxime,String
jhtwuAajkc,asperiores ea nam,Int
hJsFxtqa6N,maiores ad explicabo,Int
XliY3oePlP,aut quo ut,Int
agw2QjqHNs,consequuntur cum perferendis,String
AjvE6Mai7D,nam et est,Int
MKEsXCFlNQ,sunt quasi tempora,Double
5j1XKNoaBX,iusto dolor labore,Int
U65ERSz31P,sunt non qui,String
qUgddPZe9i,est doloribus quia,String
NKrYSQPvRX,nihil dicta natus,Int
SjsugGSMfU,fugit vero corrupti,String
5Tbuqg7RNv,quia culpa optio,Int
5nUre6Rrap,dolorem quae iste,Int
J2ahv5J2ex,consequatur vero ipsum,String
XkNHM0QvKB,perspiciatis et dignissimos,Int
dwtHxR84NN,excepturi quis est,Int
vplxlZzWWU,dicta vel voluptatem,Double
Z9uegx5aWm,sed culpa libero,Double
5lEtJFyohb,autem voluptas aut,String
4lJPWbFTlr,sit nihil quia,Int
bhQzSLwSFJ,minus et sequi,String
xAUcJAktOX,ullam qui commodi,Int
EGjqBg9pYy,est quas cumque,String
YshiFimbEL,minus aut praesentium,Int
XVOup5fcTx,ut quae voluptas,String
Dt7yq7pEkv,pariatur odio nihil,String
Ybh0F3Nv6W,amet ut officia,String
NIKaD5P66N,enim sit repellat,String
qvV0BYIDpn,esse et provident,String
dodPUfr9fR,provident voluptatum adipisci,Double
d6L2xSQI8L,commodi et natus,String
pb1Tp8Ao82,rerum vero qui,String
Dl5wm6bHkU,omnis animi suscipit,String
Kb4lWRkFyo,est unde dolor,String
bIfQnVMNdD,et vero molestiae,String
LDpgVfx695,numquam at voluptatem,Double
L2YPtmW4Ym,corporis est adipisci,Int
EPIL424WpW,repellat recusandae aspernatur,Int
30jm499fgN,quia vitae odio,Double
dQhBYdxoNU,ut voluptas ad,Int
2Dmc7NhcEz,deserunt magni doloremque,Int
0MO0ab9gXb,saepe atque quia,String
a3LmE5bm7D,architecto reiciendis ipsum,Int
SqVzZeYndE,cumque itaque non,String
ki7wCe9FZP,ut qui inventore,Int
F78EVzSTWU,accusantium quam reprehenderit,Int
HKOmMjTadr,sit rerum delectus,Double
z4Em7PSOV7,rerum assumenda aut,Int
8iOxVrRt6E,iusto dolore enim,Int
cTV4sdNU43,repudiandae dicta quia,Double
q5MaGlLq1d,quam et dolor,Int
ZorGOcUWKJ,vel sed totam,Double
oO0GLHe9Fw,nesciunt nam id,String
IJKevSSgpz,dolorem omnis totam,Double
l4w8DpwrO9,quos odio est,Int
NuhEfb8ia1,debitis minima et,Int
yoZRpZrmsM,quisquam corporis saepe,Int
Mzbl7UpbXG,minus in autem,Double
eBWpHhKRfB,voluptatem consequatur occaecati,Double
UnhqVdJqrk,et maiores sed,String
KkC65VWW5O,qui quis iste,Int
ONBX5T3JE4,nostrum officiis beatae,Int
aKGBQwEUFx,sed molestiae enim,String
8uLSu99jzj,velit sint illo,Double
NkYvBUKNpN,reprehenderit expedita saepe,String
A22noteeAg,qui eos sed,Double
fx7yhAFwCj,voluptas accusantium dolorum,String
JM0CGDeKMU,assumenda expedita suscipit,Double
4Nl95W6mzW,blanditiis molestias aspernatur,String
dPMb8T2nWA,est deleniti nisi,Double
OjCy2xQQ1R,eaque atque quod,Int
xp9ohz9xn1,dolorem quis corporis,Double
l8g0aXi4gj,sint totam vel,String
6UdkFK5cLa,pariatur aut aliquam,Double
iIbWJEnkHB,est maxime placeat,String
JK0rv1ayeP,illo molestias sunt,String
BcA04GqvZ4,corporis sunt cumque,Double
RU3Pu1PhQA,et voluptatem assumenda,Double
fxglhpxfKa,voluptas maiores earum,String
gxtlMuOFvC,ducimus optio cum,Double
TYpMYQ3UEx,tenetur vel ea,String
t36Uy3ShTT,in velit earum,Double
JCyw1OoFcr,debitis delectus dolorem,Double
PTppWUMSaE,et excepturi ducimus,String
0dFGibgR61,animi ut fuga,String
CC613RbEl9,sed reprehenderit aut,Int
5dyhBgr0C8,qui aut quasi,Double
vhPDHCCQ9B,quo qui quasi,Double
3w6GCpNHLF,placeat ut molestiae,Int
8aZB7noVbz,reprehenderit voluptates et,Double
lJsg0pfE1r,accusantium dicta aperiam,Double
IYs3fk5sll,maiores ad quia,Int
w43RInQ4FX,error et nisi,String
EVNro0VD4x,voluptates ut quia,Int
d4Qj76hJh1,et odio quas,String
3YO8LgZuLU,ut distinctio deleniti,Double
pZxz1UaepF,velit voluptates dicta,Double
47o5LVBmG8,quis dolor non,Double
2fH9Lh8jMK,veniam mollitia voluptate,String
oSaLFY6mcH,debitis sed deserunt,String
dC7aC0Bnne,qui impedit et,String
LNYHtffzsQ,provident sequi accusantium,Int
dwzMGtVv9B,aut quam tempore,String
UdSfthjsdv,quod eligendi et,Double
ncHb6390w0,ut aut non,String
vzuEWrm1ok,fugiat autem rerum,String
FUboeKqKbG,eos aut porro,String
J93nh2Xmjs,ea qui itaque,Int
RxjUKxaW7U,facere quis dignissimos,Int
26LB228RxP,eum est dolorem,Int
l925Co2QLW,voluptatem at officia,String
xsuV9s9FDx,voluptates natus et,Double
P5P9anR1k3,sed ullam sunt,Int
EwiA4L0dJ7,deleniti officia ullam,Int
4vDZGERjdd,quo sed iure,String
A4ETAvCqHc,autem ut architecto,String
uwwBYZuEqd,est error quia,Int
X4T78iSLWu,non omnis accusamus,String
ZlB5EvYsgx,aut laudantium quis,String
ganNhO6Pmq,et voluptates in,Double
vjuhGBdFpp,aut beatae dolorem,Int
Nqvc95CJzx,soluta eum et,Int
kSl1X1tLtX,repellendus iste eaque,String
1CfwrQNlbo,similique rerum ut,Int
SgKz3XFDKV,voluptas atque quo,String
e3PXhvHpy9,nobis repudiandae occaecati,String
fTmERNYQSQ,nihil quia provident,Double
dmFLZ0Iwhb,vitae voluptatem ut,Int
Hwu8nraWrj,illo quo soluta,String
LHozqf9bxO,saepe voluptas ducimus,Double
JteFBWMAGd,non nobis odit,String
TIqxShLnev,maxime nostrum odio,Double
H8I6azbGNk,consequuntur omnis cumque,Int
xQbXSN3pTE,cumque vitae ut,Int
8SXgP2KuHL,voluptas tempora voluptatem,String
B1EyosyAtA,at recusandae amet,Int
EJhicU0SVe,alias fuga quia,Double
dIKZ09VyMS,architecto impedit et,Int
fulb7fWE3t,quos dolorem ea,Double
Y3ya62uY91,ullam dignissimos qui,Int
jogLtihwMx,voluptate enim ullam,Double
hGNfNBVarZ,error sit ut,String
mlbRgKvVnN,quis qui aut,String
Up9oF0WbJP,aliquam accusantium aliquid,Double
ZcIeAEXTve,nostrum molestiae sapiente,Int
LTfF6L1c3c,nisi eligendi impedit,String
jQvzFE5ErK,quasi assumenda est,Int
yK0gE6h0Us,nihil id magni,Double
hXjgfPdTHT,nostrum incidunt magni,String
zEbrJVQUw7,magnam commodi vitae,Double
aIhfE3Ksdn,molestiae tempora voluptatem,Double
amz2mhx7gk,quas facilis ipsam,String
hKGUAsYN8C,sunt consectetur odit,String
sbo6hdfDXN,sit cum autem,Double
DbdwC7P4YL,hic voluptate molestias,String
KwLmUD8CBt,autem consequatur molestiae,Double
KUaBTBje3g,vero officia quas,Int
bJI79dsm1P,laudantium alias quasi,Int
01uH8arlaN,dolorem voluptatem aliquam,Double
XM1RMHi1Qi,voluptates consectetur aut,String
1O7RTQnaIZ,voluptatem quo nihil,Double
w2G3MdWifH,occaecati nemo eum,Int
OL5BhpMhxF,fugiat laborum soluta,String
WHKh2umsVQ,fugiat voluptatem dolor,Int
YcP0681hvt,dolorem molestiae ea,String
RETaAHcRzI,voluptatem officiis et,String
PqbsMSQkHX,molestias praesentium nulla,Int
RvNmJyUFuO,rem neque officiis,Double
zGy1jOzSAw,et commodi eum,Int
Bi0ve53Dg4,earum id consequatur,Double
k3al8ApeT8,nobis nam fugiat,Double
n0A9EKx1qr,quo quis occaecati,Double
5SC85fJJb4,sunt officia est,Int
zbpBLnSpYy,totam illo vel,Double
L00m1eLWS1,illo ad ea,Int
wefJqmgeRp,omnis dolorum neque,Double
hwJrnNBSPj,sapiente natus sit,Double
i5SxehCuRi,assumenda nemo dolorem,Int
F08C1x1X8M,id quae minima,Double
yveaodPfyg,id omnis et,Double
3ybAPe7krS,quaerat excepturi voluptatem,Double
aztpSZ9yOH,ipsam molestiae commodi,Double
oqZD8IpMQ4,atque non animi,Double
fuIyMbh0Xm,reiciendis dolor ut,Int
K7BaXfRarY,facilis hic nulla,Int
woUzieTYCc,dicta nemo est,String
0KVNOYJCyF,quas non in,String
9FggRjyal4,pariatur ea vel,String
hkEldKDMkB,id autem perspiciatis,Int
6BwVRyJqYA,ut totam labore,Double
f7wSEWJa45,nam similique reprehenderit,Int
YccNaoP3rl,aut iure modi,Int
L8Rb7EXjQI,aliquid rerum dolorem,String
1cu7XamNfr,voluptatum quia et,Double
i0nEMaAE9t,aut voluptatem ipsam,Int
HKWVOWWU5T,ratione perspiciatis aut,Int
ZSgE0qraP2,atque dignissimos voluptatibus,String
Fd7FLRdtJt,non nostrum ad,String
LAoZ2jw87Z,nihil earum deserunt,Double
3N5CmnZNwJ,quod ducimus nam,String
zKrldQ40kA,ipsam beatae labore,String
vd8jqJNXLz,voluptatem nisi placeat,Double
RYx4ig0m2C,modi et mollitia,String
j8tYPn6ipF,rerum nobis et,Int
tSVxQWV3kO,voluptatem id officiis,Double
kvFAD2sRac,aliquid harum sint,String
mWsDWPyrO8,dolores autem et,Double
al1jBNxzHo,nisi quia eveniet,String
ngeu30n1hL,ducimus illo magni,Int
CD9cqukGQx,voluptate maiores assumenda,String
v5a0GWP1lr,incidunt qui corporis,Double
B5PtAVeggk,temporibus aut ut,Double
fGnqVMtn7o,dignissimos quam aut,Int
J6cfhLhnjM,maiores quis praesentium,String
lfMP38PIR1,architecto amet molestiae,Int
MQTYheUNFa,nisi quia magnam,Double
omVAddrPJv,culpa quo beatae,String
iT73EcKVbh,qui fugit aut,String
YCMTRXTwsP,dolorem in tempore,String
KSxzyHJJrh,excepturi non quibusdam,Int
P3ywvq4aA7,possimus aliquid dolorem,Double
AY3Uc92eNR,aut consequatur minima,Double
KHqVhloq88,ut quis et,Double
r9XCwqsoib,doloribus asperiores illum,Double
KvuIYXkWTs,molestiae enim vel,String
eDW7QvsfTL,in dignissimos iste,Int
wv7xBPv9hV,et aut voluptas,Double
3IY5lt7moW,omnis qui facere,Int
HCfZEl5KAa,doloremque magnam quibusdam,Double
jocoev3kIE,autem omnis incidunt,Int
RvyiZT1BDV,qui voluptatum tempore,String
ZFN7sTVeoC,aut doloremque placeat,Int
mVKzToBmaU,itaque expedita et,String
T7MNaD9crq,deleniti repellendus deserunt,String
g8J8Qj2YuI,nihil sunt molestias,Double
7KA3mt42ND,voluptas vel cupiditate,Int
80LWk1UyU0,minima alias asperiores,String
RMSDnCHcz8,veritatis impedit ipsa,String
