dpi,nombre,direccion
71182,Ignatius Emmerich,0210 Dickens Villages
85358,Effie Hauck,70272 Chaz Court
13116,Ludie Dare,02866 Monahan Ville
4496,Osbaldo Murray,39994 McClure Drives
66359,Ms. Robin Muller,3011 Kristoffer Vista
46529,Louvenia Weimann,32322 Hand Forges
12754,Susana Ziemann,017 Thiel Brooks
13677,Velda Donnelly,679 McDermott Ways
61993,Bridget Terry,62253 Kilback Camp
53935,Ethel Stroman,944 Thompson Heights
20180,Alfonzo Bins Jr.,56307 Jaskolski Walk
51928,Miss Reginald Turcotte,850 Joannie Street
20717,Mireille Deckow,4470 Ian Estate
12304,Candice Kuvalis I,38340 Gust Extensions
60123,Zetta Watsica DDS,9723 Hayes Meadow
8031,Audrey McGlynn MD,071 Rodriguez Station
48784,Mafalda Lehner,377 Kshlerin Trace
72384,Oran Gerhold,57611 Yundt Row
59868,Jo Frami,92103 Howell Extensions
80486,Frida Ward,6047 Funk Lodge
28847,Leanne Corkery II,25273 Dillan Crest
86859,Lisette Corkery,22341 Cloyd Street
95158,Monserrate Hayes,70141 Runolfsdottir Wells
81528,Tyson Kohler,4144 Mann Common
2454,Ms. Raul Schmidt,43957 Furman Ridge
98066,Joannie Jones,72808 Talia Isle
83120,Mohammed Bergstrom,829 Deborah Port
84158,Mrs. Ferne Ankunding,406 Jaeden Square
50806,Joy Erdman,15241 Matt Neck
58503,Connor Fay,928 Andreane Center
38817,Jennyfer Swaniawski,96150 Lexie Mount
44735,Willy Walker,239 Gianni Cove
68240,Cleve Crist,63493 Carrie Landing
65966,Miss Glenna Hammes,38467 Fredrick Roads
71366,Carli Dickens,236 Lesch Lake
15166,Elliot Hyatt,1904 Hazel Manor
79954,Taurean Little,519 Hahn Drive
32201,Jaydon Koss,490 Medhurst Mall
22943,Deangelo Bosco,06728 Samara Overpass
97900,Rod Stanton,18055 Payton Avenue
9455,Alberta Ruecker II,210 Crystel Vista
38211,Marcellus Mayert,071 Neil Alley
41830,Bud Wyman,638 Dell Pike
4934,Meta Terry II,2902 Ricky Fall
3466,Mrs. Ryan Stamm,8994 Tamara Plains
12570,Lura Rice,2402 Collier Island
1557,Retta Swaniawski,9540 Will Causeway
34303,Gideon Moen PhD,562 Gottlieb Grove
26871,Anabel Stokes,526 Balistreri Mount
64322,Ethel Dicki,4544 Mayert Streets
1762,Dr. Dwight McDermott,338 Satterfield Burgs
40305,Dusty McClure,66096 Lauryn Cliff
74018,Elena Stamm,3843 Ortiz Lodge
29196,Manuela Huel DVM,852 Darrel Port
91544,Miss Jaylan Kilback,2610 Moen Park
71769,Marilou West,754 Hertha Squares
6099,Mr. Cornell Jaskolski,671 Kayla Freeway
46844,Elenor Kassulke,243 Berenice Shoals
29961,Cleve Satterfield,900 Agnes Centers
41373,Cassidy Baumbach,46679 Kihn Lock
21013,Ms. Emie Koelpin,0213 Mayer Trail
59891,Jason Larkin,7535 Ola Glens
56828,Laurie Berge,980 Hessel Route
99670,Kim Larkin,801 Douglas Trafficway
44294,Mr. Rodrick Auer,496 Rhett Cape
82819,Alberto Gislason,041 Kristoffer Island
37269,Ricardo Carroll MD,897 Adams Well
59857,Forest Hagenes,58357 Teagan Oval
83438,Napoleon Mayert,42354 Adolfo Bypass
90978,Brionna Bernier,170 Hegmann Flats
14853,Nelda Dibbert PhD,154 Dorris Isle
70088,Sheldon Wilderman IV,873 Enos Manor
74509,Cristobal Reinger,35724 Rempel Bridge
40767,Mrs. Jayne Reilly,750 Shields Canyon
60939,Joan O'Conner,612 Rice Islands
30369,Cordelia Jenkins,185 Shane Light
3039,Josephine Goyette,17887 Hildegard Ways
34112,Maynard Schneider,49783 Myrna Extensions
63304,Madonna Douglas,6942 Lakin Light
38633,Justen Leannon,3462 Sanford Harbors
49402,Madeline Toy,733 Ciara Shore
26354,Eda Ondricka,0597 Johnson Views
40508,Octavia Marquardt,355 Kulas Camp
61905,Jamey Pacocha,8630 Lacey Cape
36316,Destiny Bartoletti,97250 Blaze Harbor
89917,Beverly Zieme,8651 Hazle Walk
3541,Mariane Will,8516 Nicolas Union
82187,Samara Brekke,606 Hobart Trace
48101,Jadon Mills,69486 Balistreri Mission
85125,Lenna Schamberger Sr.,6284 Jarod Mountain
78244,Jaron Parisian Sr.,13998 King Rue
17041,Aniya Weimann,01881 Christiansen Squares
42351,Ayla Orn,5701 Delpha Islands
41085,Clement Osinski,4647 Marcelo Coves
65595,Miss Damion Watsica,93197 Dortha Hills
75402,Orland Stamm,69822 Block Pines
66862,Cleve Schroeder,211 Balistreri Expressway
9892,Ibrahim Connelly,57932 Marilyne Tunnel
68553,Mollie Kling DVM,20850 Greenholt Cliff
33001,Khalil Ondricka,2696 Alba Well
60997,Mae Treutel DVM,857 Irving Row
40022,Cortez Durgan,755 Bridie Canyon
59041,Llewellyn Bashirian,7726 Gerson Ford
75987,Oscar Von,49275 Roselyn Center
52559,Vincent D'Amore,815 George Radial
74022,Beverly Hettinger V,8302 Wuckert Overpass
62815,Amie Mertz,707 Hartmann Light
14223,Anabelle Harris,97337 Langosh Mall
39834,Mrs. Murray Hills,115 Cindy Run
76510,Sabina O'Conner,65869 Zoey Springs
6329,Eldora Ondricka,28084 Sipes Cliffs
62572,Delbert Dare,88661 Larson Pine
11778,Jack Kunde,438 Bartoletti Mews
41828,Ivah Muller,79091 Rubye Prairie
24175,Lolita Ondricka MD,44302 Maritza Skyway
5077,Tomas Friesen,69230 Lambert View
10507,Osborne Pacocha,3687 Stephania Greens
16678,Lisette Dickinson,68401 Imani Course
75962,Alfonso Ruecker,267 Percy Manors
1474,Mrs. Colton Johnston,98980 Kemmer Falls
26576,Henderson Goyette,359 Sydney Drive
99578,Mrs. Danial Cartwright,99598 Medhurst Walks
77830,Burnice Stoltenberg,22177 Cale Key
29299,Louie Considine,14324 Runte Trace
84711,Reyna Bayer,94346 Rath Pine
42287,Bartholome Padberg,8010 Medhurst Freeway
12767,Riley Schumm,96190 Paula Mission
35256,Mrs. Denis Ledner,07679 Morar Spring
2350,Philip Berge,5673 Alysha Branch
72613,Finn Simonis,743 Tremblay Springs
43823,Barbara Leannon,88105 Kory Plaza
33900,Pamela Olson,26564 Leland Road
22857,Missouri Morar,30601 Daugherty Harbor
12714,Mercedes Kunze DDS,96848 Dominic Plaza
27875,Lora Wolff,62531 Karen Lodge
62133,Bonita Ferry,5996 Efren Locks
38132,Crystal Crist,54090 Roger Port
13745,Marilyne Jones V,7307 Sadye Wells
82130,Connie Ruecker,0909 Vivien Rest
70769,Hertha Ryan,72431 West Way
92699,Wilber Franecki MD,5906 Rose Dale
79753,Hans Gleason IV,1763 Rath Bridge
83283,Miss Ryann Pacocha,2861 Dickinson Fall
96963,Mr. Uriel Ruecker,205 Aric Drive
25158,Noemie Rau,6452 Wuckert Views
41194,Brisa Parker,0554 Nona Crossing
90990,Colton Reynolds,8322 O'Reilly Hill
75269,Tamia Legros,3886 Landen Knoll
56207,Wilmer Bauch,70997 Price Corners
68585,Alexis Wyman,16530 Rusty Tunnel
43720,Rex Ernser,12106 Wisozk Forks
99172,Penelope Bayer DDS,089 Friesen Stravenue
27207,Ephraim Considine,412 Gulgowski Canyon
18072,Chris Pouros,16093 Merl Stravenue
56142,Marge Balistreri I,95275 Zemlak Mountains
98298,Teagan Sanford MD,913 Marco Turnpike
84698,Bethany Gerhold,2938 Haley Road
24945,Maxime Mayert,592 Klocko Flats
13647,Friedrich Romaguera,5312 Wilkinson Corner
944,Reta Steuber,66723 Mills Well
47167,Kylie Bernier,48567 Schiller Gateway
10751,Joseph Mayert,288 Feil Spur
49777,Britney Conn,66765 Tyreek Landing
72643,Jerrell Osinski,069 Millie Skyway
70114,Mrs. Tobin Goodwin,5956 Lupe Shoal
96151,Dr. Amos Jacobi,78937 Greenfelder Trail
50847,Hans Prosacco,2221 Carson Alley
39674,Julia Ondricka,64840 Lindsay Mountain
97952,Alva Jacobs,0317 Dickinson Camp
26130,Sarai Rosenbaum,939 Adrianna Streets
76902,Isai Franecki,091 Douglas Way
98664,Nash Gleichner PhD,74234 Turcotte Mountain
58815,Anna Rippin PhD,12895 Otho Ferry
79475,Andreane Cummerata,341 Mellie Islands
688,Marilie Nolan,0477 Marquardt Avenue
74459,Xzavier Beier,48789 Hilll Spur
54364,Jovany Morar,22452 Bradly Mountain
10306,Pauline Nitzsche,5028 Abraham Lodge
44331,Cassandra Rempel,969 Mayer Hills
73557,Mac Lehner,523 Cole Cliffs
29179,Dr. Boyd Altenwerth,7983 Margaretta Port
18809,Ms. Cedrick Smith,736 Lourdes Island
56313,Alejandrin Gottlieb,445 Phoebe Drive
56227,Mrs. Tess Padberg,19820 Kaitlyn Island
28000,Raheem McKenzie,764 Bogan Tunnel
19748,Cedrick Volkman,6518 Buckridge Loop
43062,Christop Corwin,60398 Johathan Keys
26912,Ola Wisozk,826 Larry Track
5472,Curtis Tromp,20764 Krajcik Mountain
14258,Sabrina Jaskolski,5680 Kub Villages
48529,Lauryn Brekke,93092 Ullrich Extension
8198,Antonetta Ryan,2030 Ortiz Locks
29715,Kory Jacobson,5134 Alexanne Mountain
29713,Frederic Wuckert,78630 Elliot Haven
52029,Johnathan Hammes,392 Sincere Throughway
87690,Roslyn Schulist,86220 Kurtis Lane
39313,Ms. Kimberly Halvorson,320 Cassidy Estates
51579,Carson Goldner,7056 Schumm Island
6522,Tristin Erdman,36519 Crist Views
92873,Giovanny Russel,6944 Tristin Brook
64020,Delia Kuvalis,3149 McDermott Dale
58137,Verdie Stiedemann,9640 Green Junctions
75649,Edmond Abernathy,507 Mante Ferry
38939,Chasity Willms,883 Schuppe Rapid
9258,Timothy Botsford,07402 Nienow Passage
67464,Santa Jacobson IV,864 Garfield River
57369,Lillie Braun,5014 Baby Walk
97958,Marilie Conroy,12017 Jacobi Station
97034,Frederic McDermott,390 Kunde Neck
3203,Hildegard Labadie DDS,0725 Pouros Greens
32002,Ms. Jordi Rodriguez,04803 Cassin Squares
73869,Roselyn Lowe,22171 McDermott Points
73079,Hester D'Amore,92826 Sanford Circles
72560,Antonette Kirlin,79730 Mosciski Spurs
63784,Vance Hilll,07322 Adonis Walk
17953,Damaris Moore,21220 Alexzander Route
49027,Tyrel Schuppe,953 Deckow Ranch
77981,Christine Grimes,02318 Emma Point
67065,Cheyanne Ankunding,183 Hilll Grove
22529,Malika Walter Jr.,34107 Wisozk Meadows
71724,Benton Streich MD,6827 Mann Squares
67539,Sherman Nicolas III,58970 Gerlach Terrace
65978,Reinhold Harvey,106 Wolff Freeway
40641,Kolby Gislason,9431 Russ Mews
68691,Ellsworth McClure,137 Art Fall
80433,Einar Dooley II,51976 Gulgowski Coves
86038,Ms. Araceli Batz,10214 Schuppe Mews
37052,Mr. Summer Treutel,12194 Fidel Parkways
83103,Pierce Kessler,7483 Macejkovic Islands
54383,Jaunita Tillman,09759 Frida Village
69735,Horace Nikolaus,84251 Kutch Spring
74217,Ms. Maudie Fay,0139 Metz Rest
61324,Colby Swaniawski,0373 Theresa Throughway
93162,Thurman Jenkins,06153 Eudora Circles
35312,Mrs. Romaine Bartoletti,66938 Kilback Burgs
16216,Noe Fisher,6665 Carroll Creek
26048,Luigi Nikolaus,915 Schamberger Key
8467,Madge Pfeffer,6361 Daugherty River
70528,Marguerite VonRueden,833 Roel Well
99615,Macey Thiel,285 Alaina Shoal
88368,Dr. Norberto Koss,41537 Drake Isle
74172,Miss Salma Walker,0889 Gay Motorway
58365,Lois Bogan,1592 Leffler Lake
27327,Ms. Filomena Fritsch,15123 Lexie Canyon
88777,Abraham Sipes,692 Lyda Rapid
49600,Buford Bechtelar,02152 Jedediah Prairie
27465,Mrs. Darby Kirlin,85137 Turner Underpass
68108,Sanford Fritsch,271 Hintz Roads
46998,Johathan Beatty,61207 Golda Fall
42089,Janie Donnelly,411 Ophelia Gardens
97967,Buddy Schinner,94303 Hand Trail
66679,Stan Funk,60570 Micheal Stravenue
31365,Julie Hirthe,875 Keith Pine
83337,Korbin Walsh I,316 Kling Crescent
31400,Santa Runolfsson,9395 Windler Stream
56406,Felton Goodwin,957 Grant Mountains
38276,Kelsie Hane,95942 Mertz Crossing
76013,Jada Rogahn,77827 Darion Roads
42617,Emmanuel Braun,620 Dach Lodge
24029,Norene Dicki,546 Hermann Rest
79199,Esther Connelly II,9173 Jalen Well
28552,Zander Walker,937 Schowalter Parks
41050,Micaela O'Keefe,572 Shyanne Locks
59788,Liliane Gulgowski,3195 King Parks
90805,Cheyanne Glover,7372 Bogan Creek
46399,Myrtice Larson,079 Windler Isle
83856,Cali Crist I,3088 Bauch Trail
49790,Monique Ankunding,55758 Lyda Walks
61247,Evelyn Bradtke,5399 Arjun Valleys
82536,Jaida Bergnaum,54773 Kemmer Extension
38108,Maya Von,8187 Al Heights
10016,Johnpaul Gleichner,72108 Nitzsche Summit
91433,Nathan Gutkowski,5863 Meagan Meadow
93530,Maryse Dickens,1836 Braun Mount
55348,Loyal Conroy,0047 Mohammed Parks
27810,Norma Becker,824 Victoria Heights
60204,Anahi Walter,86973 Camron Dale
51900,Lorenza Bartell,6238 Oran Lane
27365,Ivy Cole,60290 Sawayn Island
22042,Howard Bednar V,8904 Kris Centers
14054,Lilian Bartoletti,805 Willms Via
77207,Hailey DuBuque,807 Fisher Estate
59670,Jalen Padberg,2171 Koss Crossroad
78857,Rhianna Dickens,91153 Feest Street
38328,Brock Blick MD,1140 Shana Fords
20712,Antone Feest,6706 Terry River
99353,Christ Wilkinson,0113 Stokes Lake
93199,Lessie Zieme MD,6165 Elfrieda Crest
55508,Justus Rodriguez,9207 Lempi River
88363,Ignacio Stamm,133 Flatley Mount
96124,Monique Mitchell,63435 Baby Rue
40676,Miss Angeline Dickinson,564 Kaya Summit
53392,Sid O'Kon PhD,519 Narciso Bridge
70901,Edd Greenholt,942 Bertram Ferry
73126,Michele Ward IV,82736 Carley Road
56378,Samanta Hahn,995 Clara Union
91797,Anastasia Daugherty,789 Shanahan Cape
88636,Tiara Rippin,78582 Michel Avenue
83746,Tad Schultz,0138 Filomena Freeway
19784,Avis Green,7180 Saul Well
91224,Rodrick Waelchi,7820 Gavin Loop
35166,Karine Mohr,261 Burnice Crescent
