75042,Jolie Barton,45153 Runolfsson Forks
46321,Carmen MacGyver I,432 Cruickshank Plains
99542,Jacquelyn Reinger,4638 Thiel Coves
56579,Dandre Streich,81588 Cronin Trafficway
13511,Thaddeus Breitenberg,637 Streich Camp
46192,Talon Rau,26754 Noelia Courts
41371,Raul Borer,120 Jasen Keys
76831,Humberto Crona,05253 Rau Spring
68398,Mr. Vito Roob,77511 Schultz Wall
51042,Doyle Gorczany,252 Paxton Point
79804,Amiya O'Hara,934 Emmie Inlet
17594,Blanche Feil,41011 Flatley Ridge
23107,Dulce Weber,2836 Earl Springs
55039,Joesph Hessel,3279 Weber Fords
7324,Wanda Willms,33001 Gaetano Shoals
35608,Karley Schumm Sr.,782 Cassie Motorway
77417,Onie Barton,66057 Kiley Knoll
36791,Gerhard Stroman,732 Darwin Shoals
14819,Kelly Farrell,0795 Watson Summit
70855,Dorris Purdy,24276 Mosciski Crossing
71266,Mrs. Damaris Pfannerstill,29480 Halvorson Square
45007,Rodger Graham I,3592 Kari Estates
79265,Bobbie Jakubowski DVM,1689 Schultz Station
54129,Paxton Hand,49886 Frederic Forks
45429,Alexys Gleichner,967 Isai Shoals
25043,Alene Morissette Jr.,284 Meagan Lakes
18522,Lesly Swift,6653 Mustafa Village
15321,Mr. Caterina McKenzie,9275 Marks Forge
93424,Brock Boyer,86134 Francesca Point
20917,Catherine Dietrich,274 Fannie Rapids
89279,Adolphus Emard,110 Danial Squares
6365,Alva Nicolas,586 Rodrick Ville
62967,Myrna Hirthe,525 Jannie Manors
74053,Miss Ava Wilderman,63831 Bradtke Crossing
93078,Eveline Bruen,1608 Jaron Hills
4821,Alvah McGlynn,06897 Phoebe Points
8957,Kathleen Casper,2518 Christiansen Stream
93536,Dejah Bahringer,98259 Rice Grove
30795,Mrs. Layne Wuckert,63438 DuBuque Pine
13441,Zander Hermiston,2977 Hudson Circle
34853,Marlin O'Connell,624 Kaleigh Valley
69740,Neha Denesik,057 Schimmel Overpass
53339,Santa Hettinger,09417 Jocelyn Roads
88857,Jettie Hauck,48055 Idell Groves
93433,Dr. Friedrich Dickens,30912 Schneider Cliff
64591,Sabrina Welch II,3535 Lewis Cliffs
33438,Craig Bins,60162 Swaniawski Ramp
29493,Ms. Haley Jenkins,51265 Walker Crescent
55616,Trisha Windler,448 Murphy Junctions
24459,Bill Haag,661 Jamel Lights
19917,Gerard Tremblay,1741 Zoe Junction
15364,Donnie Littel,248 Bruen Mall
96918,Thea Lind,496 Gina Place
87797,Damion Eichmann,88679 Hollis Ferry
43705,Barton Murazik,60798 Judge Plaza
84157,Brigitte Rau DVM,128 Skiles Viaduct
74097,Mr. Loyal Rohan,41425 Julia Drives
51563,Lucious Koepp,264 Delfina Islands
57907,Susie D'Amore,346 Milan Place
19012,Jerad DuBuque,7049 Murray Fords
29600,Clare Oberbrunner,3963 Jones Plains
32853,Dr. Letitia Hettinger,55366 Hayden Mountain
14417,Brigitte Cormier,8759 Deborah Light
21254,Aron Dare,9876 Hamill Hollow
98369,Mrs. Toy Reilly,3171 Oswald Terrace
20277,Bradley Marvin,313 Aniya Avenue
98823,Rhoda Waters,5361 Blake Loop
47483,Colten Ullrich,923 Geoffrey Mount
21933,Jasper Jast,7883 Ramon Courts
41967,Florence Hoppe,15054 Ferry Hills
90012,Derrick Bruen,63685 Pfannerstill Islands
21531,Arlo Effertz,69203 Spencer Points
21211,Edward Miller,9210 Emard Estates
80013,Mr. Rosanna Fahey,1310 Funk Mountain
56183,Gaston Wyman,839 Precious Highway
25226,Destany Murazik,73078 Pamela Mills
40816,Ms. Amina Nader,8335 Giles Mews
10756,Elda Fritsch DDS,61004 Sauer Junctions
75597,Josiah Hoeger,080 Kassulke Vista
56618,Jakayla Reinger,68696 Bins Manor
92048,Wilfred Wiegand,89357 Kunze Loaf
58241,Autumn Beer,30965 O'Keefe Greens
68243,Bertrand Herzog,4809 Fahey Path
69796,Mr. Maida Blanda,483 Herman Haven
90050,Conner Parisian,758 Zieme Landing
66120,Letha Considine,1017 Tillman Camp
41291,Shakira Mraz,7196 Polly Mission
20272,Candice Schaefer,49100 DuBuque Gateway
31685,Carey Hammes III,47473 Trevor Wall
30563,Stevie Kessler,7909 Wolff Views
93286,Nickolas Boyle,7423 Myra Springs
36542,Manuel Russel,2589 Ewell Junctions
43964,Linnie O'Connell,23768 Lucie Knoll
62610,Eldridge Adams,0236 Miller Mill
54916,Verlie Witting,51819 Johnson Island
67445,Noemi Littel,16997 Freeda Hollow
38672,Lola Abbott,84524 Vernon Port
40898,Miss Bridgette Trantow,8370 Carroll Ramp
94360,Shaun Howe,6258 Waters Mission
65952,Palma Bernier,31719 Gerardo Wall
5516,Kelsi Cummings,929 Beier Path
83095,Muhammad Nolan,93638 Audrey Meadows
62365,Brycen D'Amore,21058 Hills Crossing
7928,Eldred Corwin,9429 Howell Green
86031,Gabrielle Wintheiser,0167 Helene Garden
60600,Dr. Lonnie Kuhic,1593 Zoila Coves
13705,Marilie Rau,73872 Cole Summit
19072,Elaina Stiedemann,890 Travis Squares
68881,Rhiannon Stroman,61669 Casper Plaza
52792,Arnulfo Goldner,3234 Bogan Via
50639,Lesley Kemmer,55561 Howe Tunnel
50726,Andreane Ullrich,9501 Blake Gardens
84948,Maryam Douglas,60969 Modesto Cape
65050,Kenyatta Hickle,1881 Silas Turnpike
90825,Laurie Kozey,49583 Donnell Fall
51484,Ms. Alison Conroy,6066 Kaleb Place
27883,Santos Schulist,64427 Powlowski Union
34026,Leon Pacocha IV,772 Bartell Rest
84764,Devin Crist,7993 Willis Freeway
95192,Anya Pagac,6258 Leatha Greens
23592,Maud Champlin DDS,55778 Medhurst Ferry
77524,Mr. Christine Bergstrom,838 Annabelle Mills
59003,Garrett Beahan,57449 Niko Fork
42941,Carmelo Maggio,30607 Arlene Forks
35613,Emiliano Marvin DVM,15793 Pfeffer Coves
14539,Charlotte Parisian,6907 Veum Gateway
22460,America Bartoletti,335 Winifred Trace
16537,Megane Prosacco,7828 Roslyn Meadow
76159,Mr. Marge Marvin,6484 Lorenz Orchard
68523,Toy Waters,63312 Lolita Junctions
65765,Alek Miller,38952 Dianna Key
46810,Burley Hettinger,8884 Mueller Glens
65912,Mr. Julia Leffler,71611 Pollich Station
48520,Jaylon Kub,5003 Emery Locks
16674,Elna Kunde IV,6406 Cathy Union
67687,Lucas Kub,10013 Cornelius Estates
7471,Neha Hamill MD,5423 Davin Rapid
41093,Miss Rhiannon Barton,3973 Eloise Parks
26120,Manuela Barrows,392 Meda Trail
48314,Brook Rice DDS,31899 Hugh Square
86214,Clarabelle Goldner,92184 Newton Wall
48259,Taylor Bode,04375 Amalia Burg
38580,Agustina Strosin V,202 Kirk Hills
36836,Cesar Leffler,1135 Kassandra Rapids
50313,Carlos Kiehn,2260 Abdiel Rapids
23489,Giovanni Connelly,8795 Karl Spring
24729,Kirsten Gleichner,238 Beatty Highway
19565,Blaze Greenholt Jr.,410 Kunze Stream
56787,Chanelle Greenholt DVM,7077 Oswald Coves
67277,Elizabeth Nader,54891 Okuneva Common
15661,Dewitt Will,940 Rosalinda Crest
45951,Howell Murray,612 Leonel Village
22579,Edmund Roberts III,86674 Lura Forge
70742,Fritz Abernathy,5697 Rodolfo View
73414,Jasmin Skiles,608 Hartmann Fork
60685,Hilma Graham,704 Corrine Villages
21191,Mohammad Terry,287 Selmer Mall
50017,Sherwood Gottlieb,0222 Rollin Field
50971,Kayli Fisher,0952 Sienna Stravenue
16876,Cory Bradtke,5027 Hansen Square
79833,Ayden Davis,05444 Runolfsson Road
81194,Wilfredo Schaefer,603 Turner Crossroad
74912,Alexie Renner,06117 Ryan Curve
44902,Dakota Harris,07922 Edgardo Shores
7227,Rosario Smith,940 Hodkiewicz Flats
92131,Percival Weimann,908 Brown Passage
99073,Mona Leuschke,313 Ova Estates
63699,Erling Walsh,94925 Kiel Streets
52494,Mr. Karolann Conroy,8601 Antwan Heights
61524,Mandy Simonis,488 Samantha Haven
87052,Mr. Dedrick Kertzmann,8994 Funk Street
74103,Alva Abbott,75320 Prudence Rapids
20577,Roslyn Kessler,231 Kozey Bridge
28602,Marcia Raynor,889 Koss Center
49134,Mavis Mante,4546 Sylvester Lights
57035,Leanna Kuvalis,21367 Borer Courts
89131,Camila Padberg,5832 Auer Crest
38650,Matteo Olson,4904 Gerlach Place
48958,Rosendo Deckow,587 Alexandrea Brook
91876,Dangelo Harris,48999 Bradtke Junction
93863,Mr. Erika Fadel,65206 Buckridge Ways
41282,Kenyatta Upton,818 Mohr Unions
92520,Federico Ankunding,89519 Hettinger Junctions
19684,Ola Stamm,11897 Hilpert Valleys
32424,Georgianna Hirthe,407 Hyatt Underpass
83890,Mrs. Tyreek Bartell,771 Emelia Coves
8104,Marshall Fadel,524 Nyasia Forges
89625,Willis Satterfield,12277 Denesik Well
2411,Van Emard,4438 Elisha Drive
96876,Judy Harvey,335 Doris Course
45416,Marc Dickinson,20684 Paolo Glen
48436,Maude Orn,033 Tommie Ways
25241,Else Kuvalis,248 Karolann Crossing
76783,Miss Garth Hoeger,6558 Demetrius Centers
26058,Tina Pollich,1947 Prohaska Cliffs
30646,Vance Lind,630 Rex Point
1878,Cordelia Kassulke,2278 Dietrich Centers
27725,Antonia Hessel,56090 Lorenz Cliffs
95757,Charlie Smith,422 Herzog Forge
25076,Damion Block PhD,620 Cruz Islands
57281,Braeden Williamson,9681 Mara Hills
37698,Bertrand Green,05628 Cordell Brooks
78354,Miss Myrna Thompson,5098 Norene Run
885,Roslyn Romaguera,1920 Leonie Via
89747,Hosea Kiehn,55721 Colt Lock
84883,Gideon Smitham Sr.,832 Champlin Freeway
39490,Nannie Huel,8771 Stephen Prairie
67770,Emilio Eichmann,985 Abel Curve
91213,Candace Conroy IV,136 Eleonore Burgs
79064,Mr. Lenora Stanton,2828 Yundt Path
9713,Alf Beer,8682 Zulauf Estates
69096,Arvel Goldner,25774 Mara Pine
31475,Willie Rutherford,108 Leonard Islands
69859,Nikolas Christiansen,5203 Hertha Place
74819,Maegan Schiller,5534 Tillman Road
57234,Brannon Zemlak,88857 Cremin Dale
73947,Manley Fadel,8292 McDermott Motorway
98933,Brennon Rau,29405 Freda Club
50592,Misael Smith,78954 Jaunita Row
59672,Mr. Nikko Roberts,417 Lavern Brooks
92512,Eloy Treutel,377 Norene Place
52682,Kyla Kohler,0574 Effertz Well
59861,Malvina Casper,619 Rogers Lodge
8295,Lloyd Abshire,56743 Quitzon Hill
36950,Charity Gorczany,54801 Hilll Mall
1368,Russel Reichel,555 Raoul Stream
3079,Pamela Batz,17967 Davis Mount
91679,Mose Medhurst,18171 Heathcote Mountains
19533,Kristian Purdy Jr.,4091 Heller Square
39827,Jabari Schneider,5311 Trey Fort
39065,Laron White Jr.,47726 Ola Garden
33213,Genoveva Gaylord,5564 Batz Falls
38139,Alvina Beer,396 Hilll Stream
58983,Miss Mohammad Barton,022 Janick Station
6694,Dr. Darron Purdy,9837 Gregorio Summit
84932,Alyson Simonis,81072 Ulices Common
1579,Kim Romaguera,35403 Pamela Fords
48003,Rachelle Kulas,170 Pearline Hills
5804,Dr. Dillan Langworth,71992 Maggio Key
73179,Aisha Langworth,84876 Ignatius Place
4468,Edgar Lind,943 Trantow Mills
30211,Nina Zboncak,813 Macejkovic River
61407,Dr. Marcellus Langworth,068 Schiller Haven
75978,Ms. Barry Turner,094 Harvey Landing
66765,Sebastian Jacobi,817 Altenwerth Crescent
7130,Ms. Jacinto Bogan,68464 Rau Walk
98589,Madaline Gottlieb,5517 Hirthe Well
38381,Jaylan Reinger,4621 Pagac Path
73456,Katelin Mueller,541 Laurianne Meadows
72053,Cordelia McCullough II,218 Boyer Ferry
74448,Justyn Turner PhD,6430 Predovic Lane
25810,Curtis Keeling,956 Dock Rapid
76192,Cary Sanford,335 Olson Turnpike
9798,Hailie Cummerata,94552 Berge Ports
6455,Theo Zulauf,80811 Borer Meadows
50492,Horace Collins,42979 Adelle Field
10924,Jermey Harvey DDS,2168 Zemlak Extensions
76756,Ofelia Lynch,463 Zoey Row
73316,Shaniya Hodkiewicz,3841 Alek Pine
58693,Vallie Borer,6179 Okey Garden
13826,Declan Goldner,76645 Janae Harbors
97689,Marco Sauer,0223 Maxime Estate
70942,Fatima Larkin,274 Nya Fort
75202,Angelica Bartoletti,239 Oran Highway
35417,Sonia Kuhn,925 Dovie Meadow
73797,Mona Oberbrunner,24374 Rohan Parkway
53125,Dr. Lea Brakus,49128 Crooks Plains
94946,Elisa Padberg,7103 Rath Rest
61746,Ottis O'Reilly,147 Karen Camp
4020,Eino Barton,91015 Alexane Ridge
23531,Clinton Cremin,173 Paucek Road
77454,Monty Corwin III,790 Marge Track
72519,Rosamond Thompson,13092 Wintheiser Lakes
48540,Alfreda Mueller,26793 Gleason Knolls
62936,Pietro Brekke,309 Giovani Dale
72552,Weston Eichmann,8144 Baumbach Course
30459,Raina Feest,6514 Ansley Junctions
1338,Mr. Benton Bechtelar,21080 Breitenberg Pass
96618,Quentin Koch,89342 Bauch Lights
95675,Archibald Stiedemann,47895 Derek Views
41714,Macey Kassulke DDS,075 Schimmel Lakes
46941,Herminia McDermott,593 Valentin Lakes
82694,Wanda Volkman,57808 Tavares Track
75719,Dr. Cleo Parker,8867 Carter Village
47375,Jarrod Klein,8836 Michelle Court
45896,Lorenz Watsica,58346 Schamberger Manor
10116,Dane Toy,60188 Sabryna Bridge
99558,Karina Witting,136 Osbaldo Manor
24766,Ben Weimann,53604 Brown Highway
74178,Miss Mara Bednar,62375 Hubert River
24688,Isaias King,0009 Crawford Overpass
21238,Tyrel Schamberger,838 Davon Flat
34193,Lucio Weber,4470 Maritza Track
31853,Ms. Chesley Shields,438 Champlin Cove
28488,Jailyn Harvey,90220 Dina Circle
45765,Miss Eli Russel,64896 Heidenreich Ferry
41837,Brooks Monahan,462 Mikayla Station
30811,Mrs. Mario Bosco,9553 Christiansen Stream
65950,Eden O'Keefe Sr.,3104 Haven Estate
39711,Christiana Luettgen,052 Laura Way
89358,Isabel Kris,93431 Darrick Squares
